row_idx,row_group,split,fen,depth,cp,mate,knodes,stockfish_uci,legal_uci,source_file
25,0,pool,6k1/6p1/8/4K3/4NN2/8/8/8 w - -,34,32,,74318,f4g2,e4c3 e4c5 e4d2 e4d6 e4f2 e4f6 e4g3 e4g5 e5d4 e5d5 e5d6 e5e6 e5f5 f4d3 f4d5 f4e2 f4e6 f4g2 f4g6 f4h3 f4h5,data/data_0000.parquet
93379,0,pool,r1bqk2r/ppp1b2p/3pp1nn/3Pp3/2B1P1p1/5PP1/PPP4P/RNBQ1RK1 w kq -,26,180,,3324,c1h6,a2a3 a2a4 b1a3 b1c3 b1d2 b2b3 b2b4 c1d2 c1e3 c1f4 c1g5 c1h6 c2c3 c4a6 c4b3 c4b5 c4d3 c4e2 d1d2 d1d3 d1d4 d1e1 d1e2 d5e6 f1e1 f1f2 f3f4 f3g4 g1f2 g1g2 g1h1 h2h3 h2h4,data/data_0000.parquet
178456,0,pool,r1bqk2r/ppp2ppp/8/4P3/1bP1Q3/2p5/PP2BPPP/R1B1K2R w KQkq -,25,46,,6666,e1g1,a1b1 a2a3 a2a4 b2b3 b2c3 c1d2 c1e3 c1f4 c1g5 c1h6 c4c5 e1f1 e1g1 e2d1 e2d3 e2f1 e2f3 e2g4 e2h5 e4b1 e4b7 e4c2 e4c6 e4d3 e4d4 e4d5 e4e3 e4f3 e4f4 e4f5 e4g4 e4g6 e4h4 e4h7 e5e6 f2f3 f2f4 g2g3 g2g4 h1f1 h1g1 h2h3 h2h4,data/data_0000.parquet
255689,0,validation,rnbqkb1r/1p3ppp/p2p1n2/4p3/3NP3/2N5/PPP2PPP/R1BQKBR1 w Qkq -,42,12,,3312574,d4b3,a1b1 a2a3 a2a4 b2b3 b2b4 c1d2 c1e3 c1f4 c1g5 c1h6 c3a4 c3b1 c3b5 c3d5 c3e2 d1d2 d1d3 d1e2 d1f3 d1g4 d1h5 d4b3 d4b5 d4c6 d4e2 d4e6 d4f3 d4f5 e1d2 e1e2 f1a6 f1b5 f1c4 f1d3 f1e2 f2f3 f2f4 g1h1 g2g3 g2g4 h2h3 h2h4,data/data_0000.parquet
333243,0,test,r1b1kbnr/1pp2ppp/p1p2q2/4p3/4P3/3P1N2/PPP2PPP/RNBQK2R w KQkq -,40,-11,,324206,d1e2,a2a3 a2a4 b1a3 b1c3 b1d2 b2b3 b2b4 c1d2 c1e3 c1f4 c1g5 c1h6 c2c3 c2c4 d1d2 d1e2 d3d4 e1d2 e1e2 e1f1 e1g1 f3d2 f3d4 f3e5 f3g1 f3g5 f3h4 g2g3 g2g4 h1f1 h1g1 h2h3 h2h4,data/data_0000.parquet
409638,0,pool,8/K1k5/8/1P6/8/8/8/8 w - -,65,0,,97919,a7a8,a7a6 a7a8 b5b6,data/data_0000.parquet
487693,0,pool,2b1rrk1/ppq4p/2pb4/4pp2/7Q/2NB3P/PP3PP1/3RR2K w - -,18,-50,,12755,g2g4,a2a3 a2a4 b2b3 b2b4 c3a4 c3b1 c3b5 c3d5 c3e2 c3e4 d1a1 d1b1 d1c1 d1d2 d3a6 d3b1 d3b5 d3c2 d3c4 d3e2 d3e4 d3f1 d3f5 e1e2 e1e3 e1e4 e1e5 e1f1 e1g1 f2f3 f2f4 g2g3 g2g4 h1g1 h1h2 h4a4 h4b4 h4c4 h4d4 h4d8 h4e4 h4e7 h4f4 h4f6 h4g3 h4g4 h4g5 h4h5 h4h6 h4h7,data/data_0000.parquet
559988,0,pool,Q1K5/8/8/2kr4/8/8/8/8 w - -,25,249,,2421,a8a4,a8a1 a8a2 a8a3 a8a4 a8a5 a8a6 a8a7 a8b7 a8b8 a8c6 a8d5 c8b7 c8b8 c8c7,data/data_0000.parquet
628275,0,validation,r1bqk1n1/pppp1pb1/2n3p1/4p2r/8/2PP3P/PP2PPB1/RNBQK1NR w KQq -,24,-72,,3846,c3c4,a2a3 a2a4 b1a3 b1d2 b2b3 b2b4 c1d2 c1e3 c1f4 c1g5 c1h6 c3c4 d1a4 d1b3 d1c2 d1d2 d3d4 e1d2 e1f1 e2e3 e2e4 f2f3 f2f4 g1f3 g2c6 g2d5 g2e4 g2f1 g2f3 h1h2 h3h4,data/data_0000.parquet
696040,0,test,r1bqk2r/ppp2p2/1b1p3p/3QP1p1/1P6/2p2NB1/P4PPP/R4RK1 w kq -,29,-79,,39270,e5d6,a1b1 a1c1 a1d1 a1e1 a2a3 a2a4 b4b5 d5a5 d5b3 d5b5 d5b7 d5c4 d5c5 d5c6 d5d1 d5d2 d5d3 d5d4 d5d6 d5e4 d5e6 d5f7 e5d6 e5e6 f1b1 f1c1 f1d1 f1e1 f3d2 f3d4 f3e1 f3g5 f3h4 g1h1 g3f4 g3h4 h2h3 h2h4,data/data_0000.parquet
765516,0,pool,r4rk1/pppq1pbp/2npbnp1/4p3/2P1P3/P1NP2P1/1P2NPBP/R1BQ1RK1 w - -,24,30,,77136,b2b4,a1a2 a1b1 a3a4 b2b3 b2b4 c1d2 c1e3 c1f4 c1g5 c1h6 c3a2 c3a4 c3b1 c3b5 c3d5 c4c5 d1a4 d1b3 d1c2 d1d2 d1e1 d3d4 e2d4 e2f4 f1e1 f2f3 f2f4 g1h1 g2f3 g2h1 g2h3 g3g4 h2h3 h2h4,data/data_0000.parquet
834632,0,pool,rn3rk1/pp3ppp/5n2/3bp1P1/8/2N1qP1P/PP6/RN1QKB1R w KQ -,22,-426,,26842,d1e2,c3e2 d1e2 f1e2,data/data_0000.parquet
905683,0,pool,r1bq1rk1/p3ppbp/2p3p1/2Pp4/3P4/1Q2B3/PP3PPP/RN3RK1 w - -,27,-30,,42876,b3c3,a2a3 a2a4 b1a3 b1c3 b1d2 b3a3 b3a4 b3b4 b3b5 b3b6 b3b7 b3b8 b3c2 b3c3 b3c4 b3d1 b3d3 b3d5 e3c1 e3d2 e3f4 e3g5 e3h6 f1c1 f1d1 f1e1 f2f3 f2f4 g1h1 g2g3 g2g4 h2h3 h2h4,data/data_0000.parquet
980388,0,validation,rnbq1rk1/pp2ppbp/3p1np1/8/2PpP1P1/2N1B2P/PP2NP2/R2QKB1R w KQ -,24,45,,6476,e2d4,a1b1 a1c1 a2a3 a2a4 b2b3 b2b4 c3a4 c3b1 c3b5 c3d5 c4c5 d1a4 d1b1 d1b3 d1c1 d1c2 d1d2 d1d3 d1d4 e1d2 e2c1 e2d4 e2f4 e2g1 e2g3 e3c1 e3d2 e3d4 e3f4 e3g5 e3h6 e4e5 f1g2 f2f3 f2f4 g4g5 h1g1 h1h2 h3h4,data/data_0000.parquet
1048570,0,test,4k3/5pR1/pp3PpQ/2pb4/3p4/2P3K1/P3r1PP/2B1r3 w - -,34,439,,111003,c1f4,a2a3 a2a4 c1a3 c1b2 c1d2 c1e3 c1f4 c1g5 c3c4 c3d4 g3f4 g3g4 g3h3 g3h4 g7f7 g7g6 g7g8 g7h7 h2h3 h2h4 h6d2 h6e3 h6f4 h6g5 h6g6 h6h3 h6h4 h6h5 h6h7 h6h8,data/data_0000.parquet
18874372,18,pool,r3k2r/1bppb1pp/p7/1p2P3/3P2n1/1P6/1PPN3P/RNB2RK1 w kq -,25,-292,,17837,d2e4,a1a2 a1a3 a1a4 a1a5 a1a6 b1a3 b1c3 b3b4 c2c3 c2c4 d2c4 d2e4 d2f3 d4d5 e5e6 f1d1 f1e1 f1f2 f1f3 f1f4 f1f5 f1f6 f1f7 f1f8 h2h3 h2h4,data/data_0000.parquet
18963094,18,pool,2b1k2r/3nbppp/p2pp3/2q3P1/1r1NPP1P/2N2Q1B/1PP5/2KR3R w k -,27,-10,,51465,d4b3,b2b3 c1b1 c1d2 c3a2 c3a4 c3b1 c3b5 c3d5 c3e2 d1d2 d1d3 d1e1 d1f1 d1g1 d4b3 d4b5 d4c6 d4e2 d4e6 d4f5 e4e5 f3d3 f3e2 f3e3 f3f1 f3f2 f3g2 f3g3 f3g4 f3h5 f4f5 g5g6 h1e1 h1f1 h1g1 h1h2 h3e6 h3f1 h3f5 h3g2 h3g4 h4h5,data/data_0000.parquet
19052566,18,pool,r1r3k1/pp1q1ppp/5n2/3p4/3p4/1P1P4/P1P2PPP/R1BQ1RK1 w - -,23,66,,1377,c1b2,a1b1 a2a3 a2a4 b3b4 c1a3 c1b2 c1d2 c1e3 c1f4 c1g5 c1h6 c2c3 c2c4 d1d2 d1e1 d1e2 d1f3 d1g4 d1h5 f1e1 f2f3 f2f4 g1h1 g2g3 g2g4 h2h3 h2h4,data/data_0000.parquet
19132079,18,validation,2r1r1k1/1q1nb2p/2p3p1/p2p1b2/N2B1P2/1P5P/P2QB1P1/3R1RK1 w - -,18,65,,3163,e2f3,a2a3 a4b2 a4b6 a4c3 a4c5 b3b4 d1a1 d1b1 d1c1 d1e1 d2a5 d2b2 d2b4 d2c1 d2c2 d2c3 d2d3 d2e1 d2e3 d4a1 d4a7 d4b2 d4b6 d4c3 d4c5 d4e3 d4e5 d4f2 d4f6 d4g7 d4h8 e2a6 e2b5 e2c4 e2d3 e2f3 e2g4 e2h5 f1e1 f1f2 f1f3 g1f2 g1h1 g1h2 g2g3 g2g4 h3h4,data/data_0000.parquet
19204692,18,test,r5k1/6pp/2p2p2/r1Pqp3/PQ6/8/2P2PPP/R4RK1 w - -,24,20,,7411,b4b3,a1a2 a1a3 a1b1 a1c1 a1d1 a1e1 b4a3 b4a5 b4b1 b4b2 b4b3 b4b5 b4b6 b4b7 b4b8 b4c3 b4c4 b4d2 b4d4 b4e1 b4e4 b4f4 b4g4 b4h4 c2c3 c2c4 f1b1 f1c1 f1d1 f1e1 f2f3 f2f4 g1h1 g2g3 g2g4 h2h3 h2h4,data/data_0000.parquet
19279752,18,pool,r3r1k1/bp3pp1/2pq3p/p4P2/4n1P1/2P2Q2/PPB2P1P/2B2RK1 w - -,21,-208,,3808,c2e4,a2a3 a2a4 b2b3 b2b4 c1d2 c1e3 c1f4 c1g5 c1h6 c2a4 c2b1 c2b3 c2d1 c2d3 c2e4 c3c4 f1d1 f1e1 f3d1 f3d3 f3e2 f3e3 f3e4 f3f4 f3g2 f3g3 f3h1 f3h3 f5f6 g1g2 g1h1 g4g5 h2h3 h2h4,data/data_0000.parquet
19354808,18,pool,r6k/6pp/ppp5/3n1B2/3Q3q/8/PP3PPP/R5K1 w - -,19,814,,8805,d4h4,a1b1 a1c1 a1d1 a1e1 a1f1 a2a3 a2a4 b2b3 b2b4 d4a4 d4b4 d4b6 d4c3 d4c4 d4c5 d4d1 d4d2 d4d3 d4d5 d4e3 d4e4 d4e5 d4f4 d4f6 d4g4 d4g7 d4h4 f2f3 f2f4 f5b1 f5c2 f5c8 f5d3 f5d7 f5e4 f5e6 f5g4 f5g6 f5h3 f5h7 g1f1 g1h1 g2g3 g2g4 h2h3,data/data_0000.parquet
19428620,18,pool,7k/6p1/1p1r1n2/p4R2/5P1p/1BP3P1/P6P/6K1 w - -,26,103,,7834,g1g2,a2a3 a2a4 b3a4 b3c2 b3c4 b3d1 b3d5 b3e6 b3f7 b3g8 c3c4 f5a5 f5b5 f5c5 f5d5 f5e5 f5f6 f5g5 f5h5 g1f1 g1f2 g1g2 g1h1 g3g4 g3h4 h2h3,data/data_0000.parquet
19500140,18,validation,r2Nrk2/1bp3pp/pp4n1/q4p2/3P4/1B3P2/PP4PP/R2QR1K1 w - -,16,625,,12168,e1e8,a1b1 a1c1 a2a3 a2a4 b3a4 b3c2 b3c4 b3d5 b3e6 b3f7 b3g8 d1b1 d1c1 d1c2 d1d2 d1d3 d1e2 d4d5 d8b7 d8c6 d8e6 d8f7 e1e2 e1e3 e1e4 e1e5 e1e6 e1e7 e1e8 e1f1 f3f4 g1f1 g1f2 g1h1 g2g3 g2g4 h2h3 h2h4,data/data_0000.parquet
19576395,18,test,r3kb2/p2qppp1/2p5/6p1/2QP2n1/2N3P1/PP3P1r/R1B1K2R w KQq -,22,-57,,789,h1h2,a1b1 a2a3 a2a4 b2b3 b2b4 c1d2 c1e3 c1f4 c1g5 c3a4 c3b1 c3b5 c3d1 c3d5 c3e2 c3e4 c4a4 c4a6 c4b3 c4b4 c4b5 c4c5 c4c6 c4d3 c4d5 c4e2 c4e6 c4f1 c4f7 d4d5 e1d1 e1d2 e1e2 e1f1 e1g1 f2f3 f2f4 h1f1 h1g1 h1h2,data/data_0000.parquet
19646147,18,pool,r4rk1/p2bb1pp/1pn1pn2/1NP5/4P2P/4BP2/PP6/2R1KBNR w K -,23,53,,12810,h4h5,a2a3 a2a4 b2b3 b2b4 b5a3 b5a7 b5c3 b5c7 b5d4 b5d6 c1a1 c1b1 c1c2 c1c3 c1c4 c1d1 c5b6 e1d1 e1d2 e1e2 e1f2 e3d2 e3d4 e3f2 e3f4 e3g5 e3h6 e4e5 f1c4 f1d3 f1e2 f1g2 f1h3 f3f4 g1e2 g1h3 h1h2 h1h3 h4h5,data/data_0000.parquet
19714379,18,pool,r5k1/bp3p1p/4rnp1/4q3/2P1p3/p3B2P/PP2QPP1/R3RNK1 w - -,22,21,,5792,a1b1,a1b1 a1c1 a1d1 b2a3 b2b3 b2b4 c4c5 e1b1 e1c1 e1d1 e2c2 e2d1 e2d2 e2d3 e2f3 e2g4 e2h5 e3a7 e3b6 e3c1 e3c5 e3d2 e3d4 e3f4 e3g5 e3h6 f1d2 f1g3 f1h2 f2f3 f2f4 g1h1 g2g3 g2g4 h3h4,data/data_0000.parquet
19782899,18,pool,1k4rr/ppq5/3Q1p2/2p1p3/P1P1P1p1/B2PN1Pp/2P2P1P/1R5K w - -,19,571,,16507,d6c5,a3b2 a3b4 a3c1 a3c5 a4a5 b1a1 b1b2 b1b3 b1b4 b1b5 b1b6 b1b7 b1c1 b1d1 b1e1 b1f1 b1g1 c2c3 d3d4 d6a6 d6b6 d6c5 d6c6 d6c7 d6d4 d6d5 d6d7 d6d8 d6e5 d6e6 d6e7 d6f6 d6f8 e3d1 e3d5 e3f1 e3f5 e3g2 e3g4 f2f3 f2f4 h1g1,data/data_0000.parquet
19852479,18,validation,8/3Q4/kpp5/p7/8/4q1Pp/2P4P/3K4 w - -,33,0,,6513,d7h3,c2c3 c2c4 d7a7 d7b7 d7c6 d7c7 d7c8 d7d2 d7d3 d7d4 d7d5 d7d6 d7d8 d7e6 d7e7 d7e8 d7f5 d7f7 d7g4 d7g7 d7h3 d7h7 g3g4,data/data_0000.parquet
19922943,18,test,rnbqkb1r/pp3ppp/5n2/2pp4/3P1P2/2P5/PP4PP/RNBQKBNR w KQkq -,24,-67,,4540,f1d3,a2a3 a2a4 b1a3 b1d2 b2b3 b2b4 c1d2 c1e3 c3c4 d1a4 d1b3 d1c2 d1d2 d1d3 d1e2 d1f3 d1g4 d1h5 d4c5 e1d2 e1e2 e1f2 f1a6 f1b5 f1c4 f1d3 f1e2 f4f5 g1e2 g1f3 g1h3 g2g3 g2g4 h2h3 h2h4,data/data_0000.parquet
37748736,36,pool,q2r2k1/p2rbppp/bpp1pn2/4B3/2PP4/2N3PB/PP2QP1P/3RR1K1 w - -,24,71,,31209,b2b3,a2a3 a2a4 b2b3 b2b4 c3a4 c3b1 c3b5 c3d5 c3e4 c4c5 d1a1 d1b1 d1c1 d1d2 d1d3 d4d5 e1f1 e2c2 e2d2 e2d3 e2e3 e2e4 e2f1 e2f3 e2g4 e2h5 e5b8 e5c7 e5d6 e5f4 e5f6 f2f3 f2f4 g1f1 g1g2 g1h1 g3g4 h3e6 h3f1 h3f5 h3g2 h3g4,data/data_0000.parquet
37822411,36,pool,r3k2r/pppqnppp/1b1p3n/8/2NPP3/5N2/PB3PPP/R2Q1RK1 w kq -,32,146,,86687,a2a4,a1b1 a1c1 a2a3 a2a4 b2a3 b2c1 b2c3 c4a3 c4a5 c4b6 c4d2 c4d6 c4e3 c4e5 d1a4 d1b1 d1b3 d1c1 d1c2 d1d2 d1d3 d1e1 d1e2 d4d5 e4e5 f1e1 f3d2 f3e1 f3e5 f3g5 f3h4 g1h1 g2g3 g2g4 h2h3 h2h4,data/data_0000.parquet
37898993,36,pool,r2qk2r/1p1b1pbp/p1np1pp1/8/B2NP3/2NQ4/PPP2PPP/R3K2R w KQkq -,36,65,,201422,e1c1,a1b1 a1c1 a1d1 a2a3 a4b3 a4b5 a4c6 b2b3 b2b4 c3b1 c3b5 c3d1 c3d5 c3e2 d3a6 d3b5 d3c4 d3d1 d3d2 d3e2 d3e3 d3f1 d3f3 d3g3 d3h3 d4b3 d4b5 d4c6 d4e2 d4e6 d4f3 d4f5 e1c1 e1d1 e1d2 e1e2 e1f1 e1g1 e4e5 f2f3 f2f4 g2g3 g2g4 h1f1 h1g1 h2h3 h2h4,data/data_0000.parquet
37976663,36,validation,r2q1rk1/pp4b1/5nn1/2p1pbN1/2p1N3/1P6/PBPP1P1Q/2KR3R w - -,21,0,,8295,f2f4,a2a3 a2a4 b2a1 b2a3 b2c3 b2d4 b2e5 b3b4 b3c4 c1b1 c2c3 d1e1 d1f1 d1g1 d2d3 d2d4 e4c3 e4c5 e4d6 e4f6 e4g3 f2f3 f2f4 g5e6 g5f3 g5f7 g5h3 g5h7 h1e1 h1f1 h1g1 h2e5 h2f4 h2g1 h2g2 h2g3 h2h3 h2h4 h2h5 h2h6 h2h7 h2h8,data/data_0000.parquet
38054666,36,test,r1q1r1k1/pb2bppp/1p3n2/3p4/2P5/2N3P1/PB3PBP/2RQR1K1 w - -,20,121,,2848,c3d5,a2a3 a2a4 b2a1 b2a3 c1a1 c1b1 c1c2 c3a4 c3b1 c3b5 c3d5 c3e2 c3e4 c4c5 c4d5 d1a4 d1b3 d1c2 d1d2 d1d3 d1d4 d1d5 d1e2 d1f3 d1g4 d1h5 e1e2 e1e3 e1e4 e1e5 e1e6 e1e7 e1f1 f2f3 f2f4 g1f1 g1h1 g2d5 g2e4 g2f1 g2f3 g2h1 g2h3 g3g4 h2h3 h2h4,data/data_0000.parquet
38131640,36,pool,2kr1b2/ppp3pp/3p4/8/2nPq1n1/4B3/PPP2PPP/RN1Q1RK1 w - -,20,412,,6745,e3c1,a2a3 a2a4 b1a3 b1c3 b1d2 b2b3 b2b4 c2c3 d1c1 d1d2 d1d3 d1e1 d1e2 d1f3 d1g4 d4d5 e3c1 e3d2 e3f4 e3g5 e3h6 f1e1 f2f3 f2f4 g1h1 g2g3 h2h3 h2h4,data/data_0000.parquet
38206645,36,pool,r1bq1rk1/pp2bppp/2n1p3/3p4/3Pn3/1P3N2/PBPNBPPP/R2Q1RK1 w - -,23,14,,10382,c2c4,a1b1 a1c1 a2a3 a2a4 b2a3 b2c1 b2c3 b3b4 c2c3 c2c4 d1b1 d1c1 d1e1 d2b1 d2c4 d2e4 e2a6 e2b5 e2c4 e2d3 f1e1 f3e1 f3e5 f3g5 f3h4 g1h1 g2g3 g2g4 h2h3 h2h4,data/data_0000.parquet
38282503,36,pool,Q7/8/6kp/3N1p2/3KqP2/7P/2b5/8 w - -,23,0,,3180,d4c5,d4c3 d4c5,data/data_0000.parquet
38357316,36,validation,6R1/k6r/8/p2b4/Q2b1P2/P5PK/8/8 w - -,26,664,,7723,h3g4,h3g4,data/data_0000.parquet
38433386,36,test,2q1rrk1/1np5/1p1pN1p1/pP1Ppp1p/P1P1P2P/4bPP1/2Q3K1/3RR3 w - -,36,0,,3299,e6f8,c2a2 c2b1 c2b2 c2b3 c2c1 c2c3 c2d2 c2d3 c2e2 c2f2 c4c5 d1a1 d1b1 d1c1 d1d2 d1d3 d1d4 e1e2 e1e3 e1f1 e1g1 e1h1 e4f5 e6c5 e6c7 e6d4 e6d8 e6f4 e6f8 e6g5 e6g7 f3f4 g2f1 g2h1 g2h2 g2h3 g3g4,data/data_0000.parquet
38504348,36,pool,1r1q1r2/1ppb1p1k/p1npNnpp/1Nb1p2P/2P1P3/3P4/PP2BPP1/R1BQ1RK1 w - -,21,471,,13012,h5g6,a1b1 a2a3 a2a4 b2b3 b2b4 b5a3 b5a7 b5c3 b5c7 b5d4 b5d6 c1d2 c1e3 c1f4 c1g5 c1h6 d1a4 d1b3 d1c2 d1d2 d1e1 d3d4 e2f3 e2g4 e6c5 e6c7 e6d4 e6d8 e6f4 e6f8 e6g5 e6g7 f1e1 g1h1 g1h2 g2g3 g2g4 h5g6,data/data_0000.parquet
38577987,36,pool,r4rk1/pppqnppp/2nb4/3p4/1P1P4/2PQ1N2/P4PPP/RNB1R1K1 w - -,26,-6,,26567,a2a4,a2a3 a2a4 b1a3 b1d2 b4b5 c1a3 c1b2 c1d2 c1e3 c1f4 c1g5 c1h6 c3c4 d3a6 d3b5 d3c2 d3c4 d3d1 d3d2 d3e2 d3e3 d3e4 d3f1 d3f5 d3g6 d3h7 e1d1 e1e2 e1e3 e1e4 e1e5 e1e6 e1e7 e1f1 f3d2 f3e5 f3g5 f3h4 g1f1 g1h1 g2g3 g2g4 h2h3 h2h4,data/data_0000.parquet
38650564,36,pool,2kr4/pp1r3p/8/5p2/3NnPp1/P1P1Q1Pb/1q4NP/3R1R1K w - -,20,-364,,35412,g2h4,a3a4 c3c4 d1a1 d1b1 d1c1 d1d2 d1d3 d1e1 d4b3 d4b5 d4c2 d4c6 d4e2 d4e6 d4f3 d4f5 e3c1 e3d2 e3d3 e3e1 e3e2 e3e4 e3f2 e3f3 e3g1 f1e1 f1f2 f1f3 f1g1 g2e1 g2h4 h1g1,data/data_0000.parquet
38725210,36,validation,r1b1k2r/pp1p1pp1/3qpn1p/2n5/2P1P2B/2PB1N2/P4PPP/R2QK2R w KQkq -,15,-114,,8009,f3d4,a1b1 a1c1 a2a3 a2a4 d1a4 d1b1 d1b3 d1c1 d1c2 d1d2 d1e2 d3b1 d3c2 d3e2 d3f1 e1d2 e1e2 e1f1 e1g1 e4e5 f3d2 f3d4 f3e5 f3g1 f3g5 g2g3 g2g4 h1f1 h1g1 h2h3 h4f6 h4g3 h4g5,data/data_0000.parquet
38797307,36,test,2r2k2/2P2p2/4p1p1/1N2Pb1p/5P2/6P1/R6P/6K1 w - -,18,594,,3627,a2a7,a2a1 a2a3 a2a4 a2a5 a2a6 a2a7 a2a8 a2b2 a2c2 a2d2 a2e2 a2f2 a2g2 b5a3 b5a7 b5c3 b5d4 b5d6 g1f1 g1f2 g1g2 g1h1 g3g4 h2h3 h2h4,data/data_0000.parquet
55574528,53,pool,r1bqkb1r/pp3p2/2np1npp/2p1p3/2B1P3/P1NP1N2/1PP2PPP/R1BQ1RK1 w kq -,19,48,,6679,b2b4,a1a2 a1b1 a3a4 b2b3 b2b4 c1d2 c1e3 c1f4 c1g5 c1h6 c3a2 c3a4 c3b1 c3b5 c3d5 c3e2 c4a2 c4a6 c4b3 c4b5 c4d5 c4e6 c4f7 d1d2 d1e1 d1e2 d3d4 f1e1 f3d2 f3d4 f3e1 f3e5 f3g5 f3h4 g1h1 g2g3 g2g4 h2h3 h2h4,data/data_0000.parquet
55617133,53,pool,r1bqkb1r/pp2np1p/2n1p1p1/2ppP3/P2P4/2P2P2/1P2N1PP/RNBQKB1R w KQkq -,22,-42,,5697,g2g4,a1a2 a1a3 a4a5 b1a3 b1d2 b2b3 b2b4 c1d2 c1e3 c1f4 c1g5 c1h6 c3c4 d1b3 d1c2 d1d2 d1d3 d4c5 e1d2 e1f2 e2f4 e2g1 e2g3 f3f4 g2g3 g2g4 h1g1 h2h3 h2h4,data/data_0000.parquet
55661139,53,pool,r7/5ppk/7p/8/1R6/p1b1P1P1/4KP1P/1R6 w - -,39,-185,,6579,b4b3,b1a1 b1b2 b1b3 b1c1 b1d1 b1e1 b1f1 b1g1 b1h1 b4a4 b4b2 b4b3 b4b5 b4b6 b4b7 b4b8 b4c4 b4d4 b4e4 b4f4 b4g4 b4h4 e2d1 e2d3 e2f1 e2f3 e3e4 f2f3 f2f4 g3g4 h2h3 h2h4,data/data_0000.parquet
55704721,53,validation,r1bqkb1r/ppp2Npp/2n5/4p3/2B5/3P4/PPP2PnP/RNBQK2R w KQkq -,42,0,,42056,e1f1,e1d2 e1e2 e1f1,data/data_0000.parquet
55749199,53,test,6k1/1p2Bpb1/p5p1/P1nr4/8/5P1P/4P1K1/2R5 w - -,21,0,,2150,e7c5,c1a1 c1b1 c1c2 c1c3 c1c4 c1c5 c1d1 c1e1 c1f1 c1g1 c1h1 e2e3 e2e4 e7c5 e7d6 e7d8 e7f6 e7f8 e7g5 e7h4 f3f4 g2f1 g2f2 g2g1 g2g3 g2h1 g2h2 h3h4,data/data_0000.parquet
55795037,53,pool,r1bq1rk1/1pp1nppp/3p4/1B1Nn3/PP2P3/8/2P3PP/R1BQ1RK1 w - -,23,62,,7060,b5e2,a1a2 a1a3 a1b1 a4a5 b5a6 b5c4 b5c6 b5d3 b5d7 b5e2 b5e8 c1a3 c1b2 c1d2 c1e3 c1f4 c1g5 c1h6 c2c3 c2c4 d1d2 d1d3 d1d4 d1e1 d1e2 d1f3 d1g4 d1h5 d5b6 d5c3 d5c7 d5e3 d5e7 d5f4 d5f6 f1e1 f1f2 f1f3 f1f4 f1f5 f1f6 f1f7 g1f2 g1h1 g2g3 g2g4 h2h3 h2h4,data/data_0000.parquet
55841402,53,pool,r2qkb1r/pp3ppp/4pn2/3pn3/3p2b1/2PB1N2/PP1N1PPP/R1BQK2R w KQkq -,24,-138,,12095,d1a4,a1b1 a2a3 a2a4 b2b3 b2b4 c3c4 c3d4 d1a4 d1b3 d1c2 d1e2 d2b1 d2b3 d2c4 d2e4 d2f1 d3a6 d3b1 d3b5 d3c2 d3c4 d3e2 d3e4 d3f1 d3f5 d3g6 d3h7 e1e2 e1f1 e1g1 f3d4 f3e5 f3g1 f3g5 f3h4 g2g3 h1f1 h1g1 h2h3 h2h4,data/data_0000.parquet
55884914,53,pool,3rr1k1/p5p1/q4nQp/2pp4/1p3P2/5BP1/PP2bP1P/2BRR1K1 w - -,20,-38,,18707,e1e2,a2a3 a2a4 b2b3 c1d2 c1e3 d1d2 d1d3 d1d4 d1d5 e1e2 e1f1 f3d5 f3e2 f3e4 f3g2 f3g4 f3h1 f3h5 f4f5 g1g2 g1h1 g3g4 g6b1 g6c2 g6d3 g6e4 g6e8 g6f5 g6f6 g6f7 g6g4 g6g5 g6g7 g6h5 g6h6 g6h7 h2h3 h2h4,data/data_0000.parquet
55929733,53,validation,rnbk1b1r/1pp3pp/5n2/p3pp2/2P5/2N1P3/PP2BPPP/R1B1K1NR w KQ -,25,17,,11241,g1f3,a1b1 a2a3 a2a4 b2b3 b2b4 c1d2 c3a4 c3b1 c3b5 c3d1 c3d5 c3e4 c4c5 e1d1 e1d2 e1f1 e2d1 e2d3 e2f1 e2f3 e2g4 e2h5 e3e4 f2f3 f2f4 g1f3 g1h3 g2g3 g2g4 h2h3 h2h4,data/data_0000.parquet
55974201,53,test,6k1/p2n2r1/8/5p1Q/3P3B/7P/1r3PP1/6K1 w - -,23,500,,2180,h5f5,d4d5 f2f3 f2f4 g1f1 g1h1 g1h2 g2g3 g2g4 h4d8 h4e7 h4f6 h4g3 h4g5 h5d1 h5e2 h5e8 h5f3 h5f5 h5f7 h5g4 h5g5 h5g6 h5h6 h5h7 h5h8,data/data_0000.parquet
56015910,53,pool,8/4K1k1/4P3/8/8/8/r4r2/3R4 w - -,26,-391,,169519,d1h1,d1a1 d1b1 d1c1 d1d2 d1d3 d1d4 d1d5 d1d6 d1d7 d1d8 d1e1 d1f1 d1g1 d1h1 e7d6 e7d7 e7d8 e7e8,data/data_0000.parquet
56061105,53,pool,2r3k1/2r1pp1p/p5p1/3R4/2P5/b3B1P1/5P1P/5RK1 w - -,28,-30,,9970,d5a5,c4c5 d5a5 d5b5 d5c5 d5d1 d5d2 d5d3 d5d4 d5d6 d5d7 d5d8 d5e5 d5f5 d5g5 d5h5 e3a7 e3b6 e3c1 e3c5 e3d2 e3d4 e3f4 e3g5 e3h6 f1a1 f1b1 f1c1 f1d1 f1e1 f2f3 f2f4 g1g2 g1h1 g3g4 h2h3 h2h4,data/data_0000.parquet
56107417,53,pool,r1bq1rk1/ppp2pbp/2n1pnp1/3pN3/3P4/2N1P3/PPP1BPPP/R1BQ1RK1 w - -,20,32,,2106,e5c6,a1b1 a2a3 a2a4 b2b3 b2b4 c1d2 c3a4 c3b1 c3b5 c3d5 c3e4 d1d2 d1d3 d1e1 e2a6 e2b5 e2c4 e2d3 e2f3 e2g4 e2h5 e3e4 e5c4 e5c6 e5d3 e5d7 e5f3 e5f7 e5g4 e5g6 f1e1 f2f3 f2f4 g1h1 g2g3 g2g4 h2h3 h2h4,data/data_0000.parquet
56150423,53,validation,r1b1k1nr/ppp1qp1p/3p1b2/8/4P3/2N3Q1/PPP2PPP/R1B1KB1R w KQkq -,41,269,,1111039,c1f4,a1b1 a2a3 a2a4 b2b3 b2b4 c1d2 c1e3 c1f4 c1g5 c1h6 c3a4 c3b1 c3b5 c3d1 c3d5 c3e2 e1d1 e1d2 e1e2 e4e5 f1a6 f1b5 f1c4 f1d3 f1e2 f2f3 f2f4 g3d3 g3d6 g3e3 g3e5 g3f3 g3f4 g3g4 g3g5 g3g6 g3g7 g3g8 g3h3 g3h4 h1g1 h2h3 h2h4,data/data_0000.parquet
56197014,53,test,2kr3r/Rpp1np2/4bq2/1P2p3/2Pp2pp/1Q1P2P1/1P1NPPBP/5RK1 w - -,24,4882,,45515,g2c6,a7a1 a7a2 a7a3 a7a4 a7a5 a7a6 a7a8 a7b7 b3a2 b3a3 b3a4 b3b4 b3c2 b3c3 b3d1 b5b6 c4c5 d2b1 d2e4 d2f3 e2e3 e2e4 f1a1 f1b1 f1c1 f1d1 f1e1 f2f3 f2f4 g1h1 g2b7 g2c6 g2d5 g2e4 g2f3 g2h1 g2h3 g3h4 h2h3,data/data_0000.parquet
