pre_body_id,pre_instance,post_body_id,post_instance,synapse_count
10001,DNp01(GF)_R,800146,TTMn_R,70
802401,PSI_L,10010,DNp01(GF)_L,52
903327,PSI_R,10001,DNp01(GF)_R,36
10010,DNp01(GF)_L,804642,TTMn_L,20
903327,PSI_R,802401,PSI_L,17
10010,DNp01(GF)_L,802401,PSI_L,9
802401,PSI_L,10001,DNp01(GF)_R,6
802401,PSI_L,903327,PSI_R,5
10001,DNp01(GF)_R,802401,PSI_L,3
10001,DNp01(GF)_R,903327,PSI_R,2
10010,DNp01(GF)_L,903327,PSI_R,2
800146,TTMn_R,10001,DNp01(GF)_R,2
10001,DNp01(GF)_R,10010,DNp01(GF)_L,1
10010,DNp01(GF)_L,10001,DNp01(GF)_R,1
804642,TTMn_L,10010,DNp01(GF)_L,1
903327,PSI_R,10010,DNp01(GF)_L,1
